DateKey,FullDate,Day,Month,MonthName,Quarter,Year,Week,DayOfWeek,IsWeekend
20110531,2011-05-31,31,5,May,Q2,2011,22,Tuesday,False
20110601,2011-06-01,1,6,June,Q2,2011,22,Wednesday,False
20110602,2011-06-02,2,6,June,Q2,2011,22,Thursday,False
20110603,2011-06-03,3,6,June,Q2,2011,22,Friday,False
20110604,2011-06-04,4,6,June,Q2,2011,22,Saturday,True
20110605,2011-06-05,5,6,June,Q2,2011,22,Sunday,True
20110606,2011-06-06,6,6,June,Q2,2011,23,Monday,False
20110607,2011-06-07,7,6,June,Q2,2011,23,Tuesday,False
20110608,2011-06-08,8,6,June,Q2,2011,23,Wednesday,False
20110609,2011-06-09,9,6,June,Q2,2011,23,Thursday,False
20110610,2011-06-10,10,6,June,Q2,2011,23,Friday,False
20110611,2011-06-11,11,6,June,Q2,2011,23,Saturday,True
20110612,2011-06-12,12,6,June,Q2,2011,23,Sunday,True
20110613,2011-06-13,13,6,June,Q2,2011,24,Monday,False
20110614,2011-06-14,14,6,June,Q2,2011,24,Tuesday,False
20110615,2011-06-15,15,6,June,Q2,2011,24,Wednesday,False
20110616,2011-06-16,16,6,June,Q2,2011,24,Thursday,False
20110617,2011-06-17,17,6,June,Q2,2011,24,Friday,False
20110618,2011-06-18,18,6,June,Q2,2011,24,Saturday,True
20110619,2011-06-19,19,6,June,Q2,2011,24,Sunday,True
20110620,2011-06-20,20,6,June,Q2,2011,25,Monday,False
20110621,2011-06-21,21,6,June,Q2,2011,25,Tuesday,False
20110622,2011-06-22,22,6,June,Q2,2011,25,Wednesday,False
20110623,2011-06-23,23,6,June,Q2,2011,25,Thursday,False
20110624,2011-06-24,24,6,June,Q2,2011,25,Friday,False
20110625,2011-06-25,25,6,June,Q2,2011,25,Saturday,True
20110626,2011-06-26,26,6,June,Q2,2011,25,Sunday,True
20110627,2011-06-27,27,6,June,Q2,2011,26,Monday,False
20110628,2011-06-28,28,6,June,Q2,2011,26,Tuesday,False
20110629,2011-06-29,29,6,June,Q2,2011,26,Wednesday,False
20110630,2011-06-30,30,6,June,Q2,2011,26,Thursday,False
20110701,2011-07-01,1,7,July,Q3,2011,26,Friday,False
20110702,2011-07-02,2,7,July,Q3,2011,26,Saturday,True
20110703,2011-07-03,3,7,July,Q3,2011,26,Sunday,True
20110704,2011-07-04,4,7,July,Q3,2011,27,Monday,False
20110705,2011-07-05,5,7,July,Q3,2011,27,Tuesday,False
20110706,2011-07-06,6,7,July,Q3,2011,27,Wednesday,False
20110707,2011-07-07,7,7,July,Q3,2011,27,Thursday,False
20110708,2011-07-08,8,7,July,Q3,2011,27,Friday,False
20110709,2011-07-09,9,7,July,Q3,2011,27,Saturday,True
20110710,2011-07-10,10,7,July,Q3,2011,27,Sunday,True
20110711,2011-07-11,11,7,July,Q3,2011,28,Monday,False
20110712,2011-07-12,12,7,July,Q3,2011,28,Tuesday,False
20110713,2011-07-13,13,7,July,Q3,2011,28,Wednesday,False
20110714,2011-07-14,14,7,July,Q3,2011,28,Thursday,False
20110715,2011-07-15,15,7,July,Q3,2011,28,Friday,False
20110716,2011-07-16,16,7,July,Q3,2011,28,Saturday,True
20110717,2011-07-17,17,7,July,Q3,2011,28,Sunday,True
20110718,2011-07-18,18,7,July,Q3,2011,29,Monday,False
20110719,2011-07-19,19,7,July,Q3,2011,29,Tuesday,False
20110720,2011-07-20,20,7,July,Q3,2011,29,Wednesday,False
20110721,2011-07-21,21,7,July,Q3,2011,29,Thursday,False
20110722,2011-07-22,22,7,July,Q3,2011,29,Friday,False
20110723,2011-07-23,23,7,July,Q3,2011,29,Saturday,True
20110724,2011-07-24,24,7,July,Q3,2011,29,Sunday,True
20110725,2011-07-25,25,7,July,Q3,2011,30,Monday,False
20110726,2011-07-26,26,7,July,Q3,2011,30,Tuesday,False
20110727,2011-07-27,27,7,July,Q3,2011,30,Wednesday,False
20110728,2011-07-28,28,7,July,Q3,2011,30,Thursday,False
20110729,2011-07-29,29,7,July,Q3,2011,30,Friday,False
20110730,2011-07-30,30,7,July,Q3,2011,30,Saturday,True
20110731,2011-07-31,31,7,July,Q3,2011,30,Sunday,True
20110801,2011-08-01,1,8,August,Q3,2011,31,Monday,False
20110802,2011-08-02,2,8,August,Q3,2011,31,Tuesday,False
20110803,2011-08-03,3,8,August,Q3,2011,31,Wednesday,False
20110804,2011-08-04,4,8,August,Q3,2011,31,Thursday,False
20110805,2011-08-05,5,8,August,Q3,2011,31,Friday,False
20110806,2011-08-06,6,8,August,Q3,2011,31,Saturday,True
20110807,2011-08-07,7,8,August,Q3,2011,31,Sunday,True
20110808,2011-08-08,8,8,August,Q3,2011,32,Monday,False
20110809,2011-08-09,9,8,August,Q3,2011,32,Tuesday,False
20110810,2011-08-10,10,8,August,Q3,2011,32,Wednesday,False
20110811,2011-08-11,11,8,August,Q3,2011,32,Thursday,False
20110812,2011-08-12,12,8,August,Q3,2011,32,Friday,False
20110813,2011-08-13,13,8,August,Q3,2011,32,Saturday,True
20110814,2011-08-14,14,8,August,Q3,2011,32,Sunday,True
20110815,2011-08-15,15,8,August,Q3,2011,33,Monday,False
20110816,2011-08-16,16,8,August,Q3,2011,33,Tuesday,False
20110817,2011-08-17,17,8,August,Q3,2011,33,Wednesday,False
20110818,2011-08-18,18,8,August,Q3,2011,33,Thursday,False
20110819,2011-08-19,19,8,August,Q3,2011,33,Friday,False
20110820,2011-08-20,20,8,August,Q3,2011,33,Saturday,True
20110821,2011-08-21,21,8,August,Q3,2011,33,Sunday,True
20110822,2011-08-22,22,8,August,Q3,2011,34,Monday,False
20110823,2011-08-23,23,8,August,Q3,2011,34,Tuesday,False
20110824,2011-08-24,24,8,August,Q3,2011,34,Wednesday,False
20110825,2011-08-25,25,8,August,Q3,2011,34,Thursday,False
20110826,2011-08-26,26,8,August,Q3,2011,34,Friday,False
20110827,2011-08-27,27,8,August,Q3,2011,34,Saturday,True
20110828,2011-08-28,28,8,August,Q3,2011,34,Sunday,True
20110829,2011-08-29,29,8,August,Q3,2011,35,Monday,False
20110830,2011-08-30,30,8,August,Q3,2011,35,Tuesday,False
20110831,2011-08-31,31,8,August,Q3,2011,35,Wednesday,False
20110901,2011-09-01,1,9,September,Q3,2011,35,Thursday,False
20110902,2011-09-02,2,9,September,Q3,2011,35,Friday,False
20110903,2011-09-03,3,9,September,Q3,2011,35,Saturday,True
20110904,2011-09-04,4,9,September,Q3,2011,35,Sunday,True
20110905,2011-09-05,5,9,September,Q3,2011,36,Monday,False
20110906,2011-09-06,6,9,September,Q3,2011,36,Tuesday,False
20110907,2011-09-07,7,9,September,Q3,2011,36,Wednesday,False
20110908,2011-09-08,8,9,September,Q3,2011,36,Thursday,False
20110909,2011-09-09,9,9,September,Q3,2011,36,Friday,False
20110910,2011-09-10,10,9,September,Q3,2011,36,Saturday,True
20110911,2011-09-11,11,9,September,Q3,2011,36,Sunday,True
20110912,2011-09-12,12,9,September,Q3,2011,37,Monday,False
20110913,2011-09-13,13,9,September,Q3,2011,37,Tuesday,False
20110914,2011-09-14,14,9,September,Q3,2011,37,Wednesday,False
20110915,2011-09-15,15,9,September,Q3,2011,37,Thursday,False
20110916,2011-09-16,16,9,September,Q3,2011,37,Friday,False
20110917,2011-09-17,17,9,September,Q3,2011,37,Saturday,True
20110918,2011-09-18,18,9,September,Q3,2011,37,Sunday,True
20110919,2011-09-19,19,9,September,Q3,2011,38,Monday,False
20110920,2011-09-20,20,9,September,Q3,2011,38,Tuesday,False
20110921,2011-09-21,21,9,September,Q3,2011,38,Wednesday,False
20110922,2011-09-22,22,9,September,Q3,2011,38,Thursday,False
20110923,2011-09-23,23,9,September,Q3,2011,38,Friday,False
20110924,2011-09-24,24,9,September,Q3,2011,38,Saturday,True
20110925,2011-09-25,25,9,September,Q3,2011,38,Sunday,True
20110926,2011-09-26,26,9,September,Q3,2011,39,Monday,False
20110927,2011-09-27,27,9,September,Q3,2011,39,Tuesday,False
20110928,2011-09-28,28,9,September,Q3,2011,39,Wednesday,False
20110929,2011-09-29,29,9,September,Q3,2011,39,Thursday,False
20110930,2011-09-30,30,9,September,Q3,2011,39,Friday,False
20111001,2011-10-01,1,10,October,Q4,2011,39,Saturday,True
20111002,2011-10-02,2,10,October,Q4,2011,39,Sunday,True
20111003,2011-10-03,3,10,October,Q4,2011,40,Monday,False
20111004,2011-10-04,4,10,October,Q4,2011,40,Tuesday,False
20111005,2011-10-05,5,10,October,Q4,2011,40,Wednesday,False
20111006,2011-10-06,6,10,October,Q4,2011,40,Thursday,False
20111007,2011-10-07,7,10,October,Q4,2011,40,Friday,False
20111008,2011-10-08,8,10,October,Q4,2011,40,Saturday,True
20111009,2011-10-09,9,10,October,Q4,2011,40,Sunday,True
20111010,2011-10-10,10,10,October,Q4,2011,41,Monday,False
20111011,2011-10-11,11,10,October,Q4,2011,41,Tuesday,False
20111012,2011-10-12,12,10,October,Q4,2011,41,Wednesday,False
20111013,2011-10-13,13,10,October,Q4,2011,41,Thursday,False
20111014,2011-10-14,14,10,October,Q4,2011,41,Friday,False
20111015,2011-10-15,15,10,October,Q4,2011,41,Saturday,True
20111016,2011-10-16,16,10,October,Q4,2011,41,Sunday,True
20111017,2011-10-17,17,10,October,Q4,2011,42,Monday,False
20111018,2011-10-18,18,10,October,Q4,2011,42,Tuesday,False
20111019,2011-10-19,19,10,October,Q4,2011,42,Wednesday,False
20111020,2011-10-20,20,10,October,Q4,2011,42,Thursday,False
20111021,2011-10-21,21,10,October,Q4,2011,42,Friday,False
20111022,2011-10-22,22,10,October,Q4,2011,42,Saturday,True
20111023,2011-10-23,23,10,October,Q4,2011,42,Sunday,True
20111024,2011-10-24,24,10,October,Q4,2011,43,Monday,False
20111025,2011-10-25,25,10,October,Q4,2011,43,Tuesday,False
20111026,2011-10-26,26,10,October,Q4,2011,43,Wednesday,False
20111027,2011-10-27,27,10,October,Q4,2011,43,Thursday,False
20111028,2011-10-28,28,10,October,Q4,2011,43,Friday,False
20111029,2011-10-29,29,10,October,Q4,2011,43,Saturday,True
20111030,2011-10-30,30,10,October,Q4,2011,43,Sunday,True
20111031,2011-10-31,31,10,October,Q4,2011,44,Monday,False
20111101,2011-11-01,1,11,November,Q4,2011,44,Tuesday,False
20111102,2011-11-02,2,11,November,Q4,2011,44,Wednesday,False
20111103,2011-11-03,3,11,November,Q4,2011,44,Thursday,False
20111104,2011-11-04,4,11,November,Q4,2011,44,Friday,False
20111105,2011-11-05,5,11,November,Q4,2011,44,Saturday,True
20111106,2011-11-06,6,11,November,Q4,2011,44,Sunday,True
20111107,2011-11-07,7,11,November,Q4,2011,45,Monday,False
20111108,2011-11-08,8,11,November,Q4,2011,45,Tuesday,False
20111109,2011-11-09,9,11,November,Q4,2011,45,Wednesday,False
20111110,2011-11-10,10,11,November,Q4,2011,45,Thursday,False
20111111,2011-11-11,11,11,November,Q4,2011,45,Friday,False
20111112,2011-11-12,12,11,November,Q4,2011,45,Saturday,True
20111113,2011-11-13,13,11,November,Q4,2011,45,Sunday,True
20111114,2011-11-14,14,11,November,Q4,2011,46,Monday,False
20111115,2011-11-15,15,11,November,Q4,2011,46,Tuesday,False
20111116,2011-11-16,16,11,November,Q4,2011,46,Wednesday,False
20111117,2011-11-17,17,11,November,Q4,2011,46,Thursday,False
20111118,2011-11-18,18,11,November,Q4,2011,46,Friday,False
20111119,2011-11-19,19,11,November,Q4,2011,46,Saturday,True
20111120,2011-11-20,20,11,November,Q4,2011,46,Sunday,True
20111121,2011-11-21,21,11,November,Q4,2011,47,Monday,False
20111122,2011-11-22,22,11,November,Q4,2011,47,Tuesday,False
20111123,2011-11-23,23,11,November,Q4,2011,47,Wednesday,False
20111124,2011-11-24,24,11,November,Q4,2011,47,Thursday,False
20111125,2011-11-25,25,11,November,Q4,2011,47,Friday,False
20111126,2011-11-26,26,11,November,Q4,2011,47,Saturday,True
20111127,2011-11-27,27,11,November,Q4,2011,47,Sunday,True
20111128,2011-11-28,28,11,November,Q4,2011,48,Monday,False
20111129,2011-11-29,29,11,November,Q4,2011,48,Tuesday,False
20111130,2011-11-30,30,11,November,Q4,2011,48,Wednesday,False
20111201,2011-12-01,1,12,December,Q4,2011,48,Thursday,False
20111202,2011-12-02,2,12,December,Q4,2011,48,Friday,False
20111203,2011-12-03,3,12,December,Q4,2011,48,Saturday,True
20111204,2011-12-04,4,12,December,Q4,2011,48,Sunday,True
20111205,2011-12-05,5,12,December,Q4,2011,49,Monday,False
20111206,2011-12-06,6,12,December,Q4,2011,49,Tuesday,False
20111207,2011-12-07,7,12,December,Q4,2011,49,Wednesday,False
20111208,2011-12-08,8,12,December,Q4,2011,49,Thursday,False
20111209,2011-12-09,9,12,December,Q4,2011,49,Friday,False
20111210,2011-12-10,10,12,December,Q4,2011,49,Saturday,True
20111211,2011-12-11,11,12,December,Q4,2011,49,Sunday,True
20111212,2011-12-12,12,12,December,Q4,2011,50,Monday,False
20111213,2011-12-13,13,12,December,Q4,2011,50,Tuesday,False
20111214,2011-12-14,14,12,December,Q4,2011,50,Wednesday,False
20111215,2011-12-15,15,12,December,Q4,2011,50,Thursday,False
20111216,2011-12-16,16,12,December,Q4,2011,50,Friday,False
20111217,2011-12-17,17,12,December,Q4,2011,50,Saturday,True
20111218,2011-12-18,18,12,December,Q4,2011,50,Sunday,True
20111219,2011-12-19,19,12,December,Q4,2011,51,Monday,False
20111220,2011-12-20,20,12,December,Q4,2011,51,Tuesday,False
20111221,2011-12-21,21,12,December,Q4,2011,51,Wednesday,False
20111222,2011-12-22,22,12,December,Q4,2011,51,Thursday,False
20111223,2011-12-23,23,12,December,Q4,2011,51,Friday,False
20111224,2011-12-24,24,12,December,Q4,2011,51,Saturday,True
20111225,2011-12-25,25,12,December,Q4,2011,51,Sunday,True
20111226,2011-12-26,26,12,December,Q4,2011,52,Monday,False
20111227,2011-12-27,27,12,December,Q4,2011,52,Tuesday,False
20111228,2011-12-28,28,12,December,Q4,2011,52,Wednesday,False
20111229,2011-12-29,29,12,December,Q4,2011,52,Thursday,False
20111230,2011-12-30,30,12,December,Q4,2011,52,Friday,False
20111231,2011-12-31,31,12,December,Q4,2011,52,Saturday,True
20120101,2012-01-01,1,1,January,Q1,2012,52,Sunday,True
20120102,2012-01-02,2,1,January,Q1,2012,1,Monday,False
20120103,2012-01-03,3,1,January,Q1,2012,1,Tuesday,False
20120104,2012-01-04,4,1,January,Q1,2012,1,Wednesday,False
20120105,2012-01-05,5,1,January,Q1,2012,1,Thursday,False
20120106,2012-01-06,6,1,January,Q1,2012,1,Friday,False
20120107,2012-01-07,7,1,January,Q1,2012,1,Saturday,True
20120108,2012-01-08,8,1,January,Q1,2012,1,Sunday,True
20120109,2012-01-09,9,1,January,Q1,2012,2,Monday,False
20120110,2012-01-10,10,1,January,Q1,2012,2,Tuesday,False
20120111,2012-01-11,11,1,January,Q1,2012,2,Wednesday,False
20120112,2012-01-12,12,1,January,Q1,2012,2,Thursday,False
20120113,2012-01-13,13,1,January,Q1,2012,2,Friday,False
20120114,2012-01-14,14,1,January,Q1,2012,2,Saturday,True
20120115,2012-01-15,15,1,January,Q1,2012,2,Sunday,True
20120116,2012-01-16,16,1,January,Q1,2012,3,Monday,False
20120117,2012-01-17,17,1,January,Q1,2012,3,Tuesday,False
20120118,2012-01-18,18,1,January,Q1,2012,3,Wednesday,False
20120119,2012-01-19,19,1,January,Q1,2012,3,Thursday,False
20120120,2012-01-20,20,1,January,Q1,2012,3,Friday,False
20120121,2012-01-21,21,1,January,Q1,2012,3,Saturday,True
20120122,2012-01-22,22,1,January,Q1,2012,3,Sunday,True
20120123,2012-01-23,23,1,January,Q1,2012,4,Monday,False
20120124,2012-01-24,24,1,January,Q1,2012,4,Tuesday,False
20120125,2012-01-25,25,1,January,Q1,2012,4,Wednesday,False
20120126,2012-01-26,26,1,January,Q1,2012,4,Thursday,False
20120127,2012-01-27,27,1,January,Q1,2012,4,Friday,False
20120128,2012-01-28,28,1,January,Q1,2012,4,Saturday,True
20120129,2012-01-29,29,1,January,Q1,2012,4,Sunday,True
20120130,2012-01-30,30,1,January,Q1,2012,5,Monday,False
20120131,2012-01-31,31,1,January,Q1,2012,5,Tuesday,False
20120201,2012-02-01,1,2,February,Q1,2012,5,Wednesday,False
20120202,2012-02-02,2,2,February,Q1,2012,5,Thursday,False
20120203,2012-02-03,3,2,February,Q1,2012,5,Friday,False
20120204,2012-02-04,4,2,February,Q1,2012,5,Saturday,True
20120205,2012-02-05,5,2,February,Q1,2012,5,Sunday,True
20120206,2012-02-06,6,2,February,Q1,2012,6,Monday,False
20120207,2012-02-07,7,2,February,Q1,2012,6,Tuesday,False
20120208,2012-02-08,8,2,February,Q1,2012,6,Wednesday,False
20120209,2012-02-09,9,2,February,Q1,2012,6,Thursday,False
20120210,2012-02-10,10,2,February,Q1,2012,6,Friday,False
20120211,2012-02-11,11,2,February,Q1,2012,6,Saturday,True
20120212,2012-02-12,12,2,February,Q1,2012,6,Sunday,True
20120213,2012-02-13,13,2,February,Q1,2012,7,Monday,False
20120214,2012-02-14,14,2,February,Q1,2012,7,Tuesday,False
20120215,2012-02-15,15,2,February,Q1,2012,7,Wednesday,False
20120216,2012-02-16,16,2,February,Q1,2012,7,Thursday,False
20120217,2012-02-17,17,2,February,Q1,2012,7,Friday,False
20120218,2012-02-18,18,2,February,Q1,2012,7,Saturday,True
20120219,2012-02-19,19,2,February,Q1,2012,7,Sunday,True
20120220,2012-02-20,20,2,February,Q1,2012,8,Monday,False
20120221,2012-02-21,21,2,February,Q1,2012,8,Tuesday,False
20120222,2012-02-22,22,2,February,Q1,2012,8,Wednesday,False
20120223,2012-02-23,23,2,February,Q1,2012,8,Thursday,False
20120224,2012-02-24,24,2,February,Q1,2012,8,Friday,False
20120225,2012-02-25,25,2,February,Q1,2012,8,Saturday,True
20120226,2012-02-26,26,2,February,Q1,2012,8,Sunday,True
20120227,2012-02-27,27,2,February,Q1,2012,9,Monday,False
20120228,2012-02-28,28,2,February,Q1,2012,9,Tuesday,False
20120229,2012-02-29,29,2,February,Q1,2012,9,Wednesday,False
20120301,2012-03-01,1,3,March,Q1,2012,9,Thursday,False
20120302,2012-03-02,2,3,March,Q1,2012,9,Friday,False
20120303,2012-03-03,3,3,March,Q1,2012,9,Saturday,True
20120304,2012-03-04,4,3,March,Q1,2012,9,Sunday,True
20120305,2012-03-05,5,3,March,Q1,2012,10,Monday,False
20120306,2012-03-06,6,3,March,Q1,2012,10,Tuesday,False
20120307,2012-03-07,7,3,March,Q1,2012,10,Wednesday,False
20120308,2012-03-08,8,3,March,Q1,2012,10,Thursday,False
20120309,2012-03-09,9,3,March,Q1,2012,10,Friday,False
20120310,2012-03-10,10,3,March,Q1,2012,10,Saturday,True
20120311,2012-03-11,11,3,March,Q1,2012,10,Sunday,True
20120312,2012-03-12,12,3,March,Q1,2012,11,Monday,False
20120313,2012-03-13,13,3,March,Q1,2012,11,Tuesday,False
20120314,2012-03-14,14,3,March,Q1,2012,11,Wednesday,False
20120315,2012-03-15,15,3,March,Q1,2012,11,Thursday,False
20120316,2012-03-16,16,3,March,Q1,2012,11,Friday,False
20120317,2012-03-17,17,3,March,Q1,2012,11,Saturday,True
20120318,2012-03-18,18,3,March,Q1,2012,11,Sunday,True
20120319,2012-03-19,19,3,March,Q1,2012,12,Monday,False
20120320,2012-03-20,20,3,March,Q1,2012,12,Tuesday,False
20120321,2012-03-21,21,3,March,Q1,2012,12,Wednesday,False
20120322,2012-03-22,22,3,March,Q1,2012,12,Thursday,False
20120323,2012-03-23,23,3,March,Q1,2012,12,Friday,False
20120324,2012-03-24,24,3,March,Q1,2012,12,Saturday,True
20120325,2012-03-25,25,3,March,Q1,2012,12,Sunday,True
20120326,2012-03-26,26,3,March,Q1,2012,13,Monday,False
20120327,2012-03-27,27,3,March,Q1,2012,13,Tuesday,False
20120328,2012-03-28,28,3,March,Q1,2012,13,Wednesday,False
20120329,2012-03-29,29,3,March,Q1,2012,13,Thursday,False
20120330,2012-03-30,30,3,March,Q1,2012,13,Friday,False
20120331,2012-03-31,31,3,March,Q1,2012,13,Saturday,True
20120401,2012-04-01,1,4,April,Q2,2012,13,Sunday,True
20120402,2012-04-02,2,4,April,Q2,2012,14,Monday,False
20120403,2012-04-03,3,4,April,Q2,2012,14,Tuesday,False
20120404,2012-04-04,4,4,April,Q2,2012,14,Wednesday,False
20120405,2012-04-05,5,4,April,Q2,2012,14,Thursday,False
20120406,2012-04-06,6,4,April,Q2,2012,14,Friday,False
20120407,2012-04-07,7,4,April,Q2,2012,14,Saturday,True
20120408,2012-04-08,8,4,April,Q2,2012,14,Sunday,True
20120409,2012-04-09,9,4,April,Q2,2012,15,Monday,False
20120410,2012-04-10,10,4,April,Q2,2012,15,Tuesday,False
20120411,2012-04-11,11,4,April,Q2,2012,15,Wednesday,False
20120412,2012-04-12,12,4,April,Q2,2012,15,Thursday,False
20120413,2012-04-13,13,4,April,Q2,2012,15,Friday,False
20120414,2012-04-14,14,4,April,Q2,2012,15,Saturday,True
20120415,2012-04-15,15,4,April,Q2,2012,15,Sunday,True
20120416,2012-04-16,16,4,April,Q2,2012,16,Monday,False
20120417,2012-04-17,17,4,April,Q2,2012,16,Tuesday,False
20120418,2012-04-18,18,4,April,Q2,2012,16,Wednesday,False
20120419,2012-04-19,19,4,April,Q2,2012,16,Thursday,False
20120420,2012-04-20,20,4,April,Q2,2012,16,Friday,False
20120421,2012-04-21,21,4,April,Q2,2012,16,Saturday,True
20120422,2012-04-22,22,4,April,Q2,2012,16,Sunday,True
20120423,2012-04-23,23,4,April,Q2,2012,17,Monday,False
20120424,2012-04-24,24,4,April,Q2,2012,17,Tuesday,False
20120425,2012-04-25,25,4,April,Q2,2012,17,Wednesday,False
20120426,2012-04-26,26,4,April,Q2,2012,17,Thursday,False
20120427,2012-04-27,27,4,April,Q2,2012,17,Friday,False
20120428,2012-04-28,28,4,April,Q2,2012,17,Saturday,True
20120429,2012-04-29,29,4,April,Q2,2012,17,Sunday,True
20120430,2012-04-30,30,4,April,Q2,2012,18,Monday,False
20120501,2012-05-01,1,5,May,Q2,2012,18,Tuesday,False
20120502,2012-05-02,2,5,May,Q2,2012,18,Wednesday,False
20120503,2012-05-03,3,5,May,Q2,2012,18,Thursday,False
20120504,2012-05-04,4,5,May,Q2,2012,18,Friday,False
20120505,2012-05-05,5,5,May,Q2,2012,18,Saturday,True
20120506,2012-05-06,6,5,May,Q2,2012,18,Sunday,True
20120507,2012-05-07,7,5,May,Q2,2012,19,Monday,False
20120508,2012-05-08,8,5,May,Q2,2012,19,Tuesday,False
20120509,2012-05-09,9,5,May,Q2,2012,19,Wednesday,False
20120510,2012-05-10,10,5,May,Q2,2012,19,Thursday,False
20120511,2012-05-11,11,5,May,Q2,2012,19,Friday,False
20120512,2012-05-12,12,5,May,Q2,2012,19,Saturday,True
20120513,2012-05-13,13,5,May,Q2,2012,19,Sunday,True
20120514,2012-05-14,14,5,May,Q2,2012,20,Monday,False
20120515,2012-05-15,15,5,May,Q2,2012,20,Tuesday,False
20120516,2012-05-16,16,5,May,Q2,2012,20,Wednesday,False
20120517,2012-05-17,17,5,May,Q2,2012,20,Thursday,False
20120518,2012-05-18,18,5,May,Q2,2012,20,Friday,False
20120519,2012-05-19,19,5,May,Q2,2012,20,Saturday,True
20120520,2012-05-20,20,5,May,Q2,2012,20,Sunday,True
20120521,2012-05-21,21,5,May,Q2,2012,21,Monday,False
20120522,2012-05-22,22,5,May,Q2,2012,21,Tuesday,False
20120523,2012-05-23,23,5,May,Q2,2012,21,Wednesday,False
20120524,2012-05-24,24,5,May,Q2,2012,21,Thursday,False
20120525,2012-05-25,25,5,May,Q2,2012,21,Friday,False
20120526,2012-05-26,26,5,May,Q2,2012,21,Saturday,True
20120527,2012-05-27,27,5,May,Q2,2012,21,Sunday,True
20120528,2012-05-28,28,5,May,Q2,2012,22,Monday,False
20120529,2012-05-29,29,5,May,Q2,2012,22,Tuesday,False
20120530,2012-05-30,30,5,May,Q2,2012,22,Wednesday,False
20120531,2012-05-31,31,5,May,Q2,2012,22,Thursday,False
20120601,2012-06-01,1,6,June,Q2,2012,22,Friday,False
20120602,2012-06-02,2,6,June,Q2,2012,22,Saturday,True
20120603,2012-06-03,3,6,June,Q2,2012,22,Sunday,True
20120604,2012-06-04,4,6,June,Q2,2012,23,Monday,False
20120605,2012-06-05,5,6,June,Q2,2012,23,Tuesday,False
20120606,2012-06-06,6,6,June,Q2,2012,23,Wednesday,False
20120607,2012-06-07,7,6,June,Q2,2012,23,Thursday,False
20120608,2012-06-08,8,6,June,Q2,2012,23,Friday,False
20120609,2012-06-09,9,6,June,Q2,2012,23,Saturday,True
20120610,2012-06-10,10,6,June,Q2,2012,23,Sunday,True
20120611,2012-06-11,11,6,June,Q2,2012,24,Monday,False
20120612,2012-06-12,12,6,June,Q2,2012,24,Tuesday,False
20120613,2012-06-13,13,6,June,Q2,2012,24,Wednesday,False
20120614,2012-06-14,14,6,June,Q2,2012,24,Thursday,False
20120615,2012-06-15,15,6,June,Q2,2012,24,Friday,False
20120616,2012-06-16,16,6,June,Q2,2012,24,Saturday,True
20120617,2012-06-17,17,6,June,Q2,2012,24,Sunday,True
20120618,2012-06-18,18,6,June,Q2,2012,25,Monday,False
20120619,2012-06-19,19,6,June,Q2,2012,25,Tuesday,False
20120620,2012-06-20,20,6,June,Q2,2012,25,Wednesday,False
20120621,2012-06-21,21,6,June,Q2,2012,25,Thursday,False
20120622,2012-06-22,22,6,June,Q2,2012,25,Friday,False
20120623,2012-06-23,23,6,June,Q2,2012,25,Saturday,True
20120624,2012-06-24,24,6,June,Q2,2012,25,Sunday,True
20120625,2012-06-25,25,6,June,Q2,2012,26,Monday,False
20120626,2012-06-26,26,6,June,Q2,2012,26,Tuesday,False
20120627,2012-06-27,27,6,June,Q2,2012,26,Wednesday,False
20120628,2012-06-28,28,6,June,Q2,2012,26,Thursday,False
20120629,2012-06-29,29,6,June,Q2,2012,26,Friday,False
20120630,2012-06-30,30,6,June,Q2,2012,26,Saturday,True
20120701,2012-07-01,1,7,July,Q3,2012,26,Sunday,True
20120702,2012-07-02,2,7,July,Q3,2012,27,Monday,False
20120703,2012-07-03,3,7,July,Q3,2012,27,Tuesday,False
20120704,2012-07-04,4,7,July,Q3,2012,27,Wednesday,False
20120705,2012-07-05,5,7,July,Q3,2012,27,Thursday,False
20120706,2012-07-06,6,7,July,Q3,2012,27,Friday,False
20120707,2012-07-07,7,7,July,Q3,2012,27,Saturday,True
20120708,2012-07-08,8,7,July,Q3,2012,27,Sunday,True
20120709,2012-07-09,9,7,July,Q3,2012,28,Monday,False
20120710,2012-07-10,10,7,July,Q3,2012,28,Tuesday,False
20120711,2012-07-11,11,7,July,Q3,2012,28,Wednesday,False
20120712,2012-07-12,12,7,July,Q3,2012,28,Thursday,False
20120713,2012-07-13,13,7,July,Q3,2012,28,Friday,False
20120714,2012-07-14,14,7,July,Q3,2012,28,Saturday,True
20120715,2012-07-15,15,7,July,Q3,2012,28,Sunday,True
20120716,2012-07-16,16,7,July,Q3,2012,29,Monday,False
20120717,2012-07-17,17,7,July,Q3,2012,29,Tuesday,False
20120718,2012-07-18,18,7,July,Q3,2012,29,Wednesday,False
20120719,2012-07-19,19,7,July,Q3,2012,29,Thursday,False
20120720,2012-07-20,20,7,July,Q3,2012,29,Friday,False
20120721,2012-07-21,21,7,July,Q3,2012,29,Saturday,True
20120722,2012-07-22,22,7,July,Q3,2012,29,Sunday,True
20120723,2012-07-23,23,7,July,Q3,2012,30,Monday,False
20120724,2012-07-24,24,7,July,Q3,2012,30,Tuesday,False
20120725,2012-07-25,25,7,July,Q3,2012,30,Wednesday,False
20120726,2012-07-26,26,7,July,Q3,2012,30,Thursday,False
20120727,2012-07-27,27,7,July,Q3,2012,30,Friday,False
20120728,2012-07-28,28,7,July,Q3,2012,30,Saturday,True
20120729,2012-07-29,29,7,July,Q3,2012,30,Sunday,True
20120730,2012-07-30,30,7,July,Q3,2012,31,Monday,False
20120731,2012-07-31,31,7,July,Q3,2012,31,Tuesday,False
20120801,2012-08-01,1,8,August,Q3,2012,31,Wednesday,False
20120802,2012-08-02,2,8,August,Q3,2012,31,Thursday,False
20120803,2012-08-03,3,8,August,Q3,2012,31,Friday,False
20120804,2012-08-04,4,8,August,Q3,2012,31,Saturday,True
20120805,2012-08-05,5,8,August,Q3,2012,31,Sunday,True
20120806,2012-08-06,6,8,August,Q3,2012,32,Monday,False
20120807,2012-08-07,7,8,August,Q3,2012,32,Tuesday,False
20120808,2012-08-08,8,8,August,Q3,2012,32,Wednesday,False
20120809,2012-08-09,9,8,August,Q3,2012,32,Thursday,False
20120810,2012-08-10,10,8,August,Q3,2012,32,Friday,False
20120811,2012-08-11,11,8,August,Q3,2012,32,Saturday,True
20120812,2012-08-12,12,8,August,Q3,2012,32,Sunday,True
20120813,2012-08-13,13,8,August,Q3,2012,33,Monday,False
20120814,2012-08-14,14,8,August,Q3,2012,33,Tuesday,False
20120815,2012-08-15,15,8,August,Q3,2012,33,Wednesday,False
20120816,2012-08-16,16,8,August,Q3,2012,33,Thursday,False
20120817,2012-08-17,17,8,August,Q3,2012,33,Friday,False
20120818,2012-08-18,18,8,August,Q3,2012,33,Saturday,True
20120819,2012-08-19,19,8,August,Q3,2012,33,Sunday,True
20120820,2012-08-20,20,8,August,Q3,2012,34,Monday,False
20120821,2012-08-21,21,8,August,Q3,2012,34,Tuesday,False
20120822,2012-08-22,22,8,August,Q3,2012,34,Wednesday,False
20120823,2012-08-23,23,8,August,Q3,2012,34,Thursday,False
20120824,2012-08-24,24,8,August,Q3,2012,34,Friday,False
20120825,2012-08-25,25,8,August,Q3,2012,34,Saturday,True
20120826,2012-08-26,26,8,August,Q3,2012,34,Sunday,True
20120827,2012-08-27,27,8,August,Q3,2012,35,Monday,False
20120828,2012-08-28,28,8,August,Q3,2012,35,Tuesday,False
20120829,2012-08-29,29,8,August,Q3,2012,35,Wednesday,False
20120830,2012-08-30,30,8,August,Q3,2012,35,Thursday,False
20120831,2012-08-31,31,8,August,Q3,2012,35,Friday,False
20120901,2012-09-01,1,9,September,Q3,2012,35,Saturday,True
20120902,2012-09-02,2,9,September,Q3,2012,35,Sunday,True
20120903,2012-09-03,3,9,September,Q3,2012,36,Monday,False
20120904,2012-09-04,4,9,September,Q3,2012,36,Tuesday,False
20120905,2012-09-05,5,9,September,Q3,2012,36,Wednesday,False
20120906,2012-09-06,6,9,September,Q3,2012,36,Thursday,False
20120907,2012-09-07,7,9,September,Q3,2012,36,Friday,False
20120908,2012-09-08,8,9,September,Q3,2012,36,Saturday,True
20120909,2012-09-09,9,9,September,Q3,2012,36,Sunday,True
20120910,2012-09-10,10,9,September,Q3,2012,37,Monday,False
20120911,2012-09-11,11,9,September,Q3,2012,37,Tuesday,False
20120912,2012-09-12,12,9,September,Q3,2012,37,Wednesday,False
20120913,2012-09-13,13,9,September,Q3,2012,37,Thursday,False
20120914,2012-09-14,14,9,September,Q3,2012,37,Friday,False
20120915,2012-09-15,15,9,September,Q3,2012,37,Saturday,True
20120916,2012-09-16,16,9,September,Q3,2012,37,Sunday,True
20120917,2012-09-17,17,9,September,Q3,2012,38,Monday,False
20120918,2012-09-18,18,9,September,Q3,2012,38,Tuesday,False
20120919,2012-09-19,19,9,September,Q3,2012,38,Wednesday,False
20120920,2012-09-20,20,9,September,Q3,2012,38,Thursday,False
20120921,2012-09-21,21,9,September,Q3,2012,38,Friday,False
20120922,2012-09-22,22,9,September,Q3,2012,38,Saturday,True
20120923,2012-09-23,23,9,September,Q3,2012,38,Sunday,True
20120924,2012-09-24,24,9,September,Q3,2012,39,Monday,False
20120925,2012-09-25,25,9,September,Q3,2012,39,Tuesday,False
20120926,2012-09-26,26,9,September,Q3,2012,39,Wednesday,False
20120927,2012-09-27,27,9,September,Q3,2012,39,Thursday,False
20120928,2012-09-28,28,9,September,Q3,2012,39,Friday,False
20120929,2012-09-29,29,9,September,Q3,2012,39,Saturday,True
20120930,2012-09-30,30,9,September,Q3,2012,39,Sunday,True
20121001,2012-10-01,1,10,October,Q4,2012,40,Monday,False
20121002,2012-10-02,2,10,October,Q4,2012,40,Tuesday,False
20121003,2012-10-03,3,10,October,Q4,2012,40,Wednesday,False
20121004,2012-10-04,4,10,October,Q4,2012,40,Thursday,False
20121005,2012-10-05,5,10,October,Q4,2012,40,Friday,False
20121006,2012-10-06,6,10,October,Q4,2012,40,Saturday,True
20121007,2012-10-07,7,10,October,Q4,2012,40,Sunday,True
20121008,2012-10-08,8,10,October,Q4,2012,41,Monday,False
20121009,2012-10-09,9,10,October,Q4,2012,41,Tuesday,False
20121010,2012-10-10,10,10,October,Q4,2012,41,Wednesday,False
20121011,2012-10-11,11,10,October,Q4,2012,41,Thursday,False
20121012,2012-10-12,12,10,October,Q4,2012,41,Friday,False
20121013,2012-10-13,13,10,October,Q4,2012,41,Saturday,True
20121014,2012-10-14,14,10,October,Q4,2012,41,Sunday,True
20121015,2012-10-15,15,10,October,Q4,2012,42,Monday,False
20121016,2012-10-16,16,10,October,Q4,2012,42,Tuesday,False
20121017,2012-10-17,17,10,October,Q4,2012,42,Wednesday,False
20121018,2012-10-18,18,10,October,Q4,2012,42,Thursday,False
20121019,2012-10-19,19,10,October,Q4,2012,42,Friday,False
20121020,2012-10-20,20,10,October,Q4,2012,42,Saturday,True
20121021,2012-10-21,21,10,October,Q4,2012,42,Sunday,True
20121022,2012-10-22,22,10,October,Q4,2012,43,Monday,False
20121023,2012-10-23,23,10,October,Q4,2012,43,Tuesday,False
20121024,2012-10-24,24,10,October,Q4,2012,43,Wednesday,False
20121025,2012-10-25,25,10,October,Q4,2012,43,Thursday,False
20121026,2012-10-26,26,10,October,Q4,2012,43,Friday,False
20121027,2012-10-27,27,10,October,Q4,2012,43,Saturday,True
20121028,2012-10-28,28,10,October,Q4,2012,43,Sunday,True
20121029,2012-10-29,29,10,October,Q4,2012,44,Monday,False
20121030,2012-10-30,30,10,October,Q4,2012,44,Tuesday,False
20121031,2012-10-31,31,10,October,Q4,2012,44,Wednesday,False
20121101,2012-11-01,1,11,November,Q4,2012,44,Thursday,False
20121102,2012-11-02,2,11,November,Q4,2012,44,Friday,False
20121103,2012-11-03,3,11,November,Q4,2012,44,Saturday,True
20121104,2012-11-04,4,11,November,Q4,2012,44,Sunday,True
20121105,2012-11-05,5,11,November,Q4,2012,45,Monday,False
20121106,2012-11-06,6,11,November,Q4,2012,45,Tuesday,False
20121107,2012-11-07,7,11,November,Q4,2012,45,Wednesday,False
20121108,2012-11-08,8,11,November,Q4,2012,45,Thursday,False
20121109,2012-11-09,9,11,November,Q4,2012,45,Friday,False
20121110,2012-11-10,10,11,November,Q4,2012,45,Saturday,True
20121111,2012-11-11,11,11,November,Q4,2012,45,Sunday,True
20121112,2012-11-12,12,11,November,Q4,2012,46,Monday,False
20121113,2012-11-13,13,11,November,Q4,2012,46,Tuesday,False
20121114,2012-11-14,14,11,November,Q4,2012,46,Wednesday,False
20121115,2012-11-15,15,11,November,Q4,2012,46,Thursday,False
20121116,2012-11-16,16,11,November,Q4,2012,46,Friday,False
20121117,2012-11-17,17,11,November,Q4,2012,46,Saturday,True
20121118,2012-11-18,18,11,November,Q4,2012,46,Sunday,True
20121119,2012-11-19,19,11,November,Q4,2012,47,Monday,False
20121120,2012-11-20,20,11,November,Q4,2012,47,Tuesday,False
20121121,2012-11-21,21,11,November,Q4,2012,47,Wednesday,False
20121122,2012-11-22,22,11,November,Q4,2012,47,Thursday,False
20121123,2012-11-23,23,11,November,Q4,2012,47,Friday,False
20121124,2012-11-24,24,11,November,Q4,2012,47,Saturday,True
20121125,2012-11-25,25,11,November,Q4,2012,47,Sunday,True
20121126,2012-11-26,26,11,November,Q4,2012,48,Monday,False
20121127,2012-11-27,27,11,November,Q4,2012,48,Tuesday,False
20121128,2012-11-28,28,11,November,Q4,2012,48,Wednesday,False
20121129,2012-11-29,29,11,November,Q4,2012,48,Thursday,False
20121130,2012-11-30,30,11,November,Q4,2012,48,Friday,False
20121201,2012-12-01,1,12,December,Q4,2012,48,Saturday,True
20121202,2012-12-02,2,12,December,Q4,2012,48,Sunday,True
20121203,2012-12-03,3,12,December,Q4,2012,49,Monday,False
20121204,2012-12-04,4,12,December,Q4,2012,49,Tuesday,False
20121205,2012-12-05,5,12,December,Q4,2012,49,Wednesday,False
20121206,2012-12-06,6,12,December,Q4,2012,49,Thursday,False
20121207,2012-12-07,7,12,December,Q4,2012,49,Friday,False
20121208,2012-12-08,8,12,December,Q4,2012,49,Saturday,True
20121209,2012-12-09,9,12,December,Q4,2012,49,Sunday,True
20121210,2012-12-10,10,12,December,Q4,2012,50,Monday,False
20121211,2012-12-11,11,12,December,Q4,2012,50,Tuesday,False
20121212,2012-12-12,12,12,December,Q4,2012,50,Wednesday,False
20121213,2012-12-13,13,12,December,Q4,2012,50,Thursday,False
20121214,2012-12-14,14,12,December,Q4,2012,50,Friday,False
20121215,2012-12-15,15,12,December,Q4,2012,50,Saturday,True
20121216,2012-12-16,16,12,December,Q4,2012,50,Sunday,True
20121217,2012-12-17,17,12,December,Q4,2012,51,Monday,False
20121218,2012-12-18,18,12,December,Q4,2012,51,Tuesday,False
20121219,2012-12-19,19,12,December,Q4,2012,51,Wednesday,False
20121220,2012-12-20,20,12,December,Q4,2012,51,Thursday,False
20121221,2012-12-21,21,12,December,Q4,2012,51,Friday,False
20121222,2012-12-22,22,12,December,Q4,2012,51,Saturday,True
20121223,2012-12-23,23,12,December,Q4,2012,51,Sunday,True
20121224,2012-12-24,24,12,December,Q4,2012,52,Monday,False
20121225,2012-12-25,25,12,December,Q4,2012,52,Tuesday,False
20121226,2012-12-26,26,12,December,Q4,2012,52,Wednesday,False
20121227,2012-12-27,27,12,December,Q4,2012,52,Thursday,False
20121228,2012-12-28,28,12,December,Q4,2012,52,Friday,False
20121229,2012-12-29,29,12,December,Q4,2012,52,Saturday,True
20121230,2012-12-30,30,12,December,Q4,2012,52,Sunday,True
20121231,2012-12-31,31,12,December,Q4,2012,1,Monday,False
20130101,2013-01-01,1,1,January,Q1,2013,1,Tuesday,False
20130102,2013-01-02,2,1,January,Q1,2013,1,Wednesday,False
20130103,2013-01-03,3,1,January,Q1,2013,1,Thursday,False
20130104,2013-01-04,4,1,January,Q1,2013,1,Friday,False
20130105,2013-01-05,5,1,January,Q1,2013,1,Saturday,True
20130106,2013-01-06,6,1,January,Q1,2013,1,Sunday,True
20130107,2013-01-07,7,1,January,Q1,2013,2,Monday,False
20130108,2013-01-08,8,1,January,Q1,2013,2,Tuesday,False
20130109,2013-01-09,9,1,January,Q1,2013,2,Wednesday,False
20130110,2013-01-10,10,1,January,Q1,2013,2,Thursday,False
20130111,2013-01-11,11,1,January,Q1,2013,2,Friday,False
20130112,2013-01-12,12,1,January,Q1,2013,2,Saturday,True
20130113,2013-01-13,13,1,January,Q1,2013,2,Sunday,True
20130114,2013-01-14,14,1,January,Q1,2013,3,Monday,False
20130115,2013-01-15,15,1,January,Q1,2013,3,Tuesday,False
20130116,2013-01-16,16,1,January,Q1,2013,3,Wednesday,False
20130117,2013-01-17,17,1,January,Q1,2013,3,Thursday,False
20130118,2013-01-18,18,1,January,Q1,2013,3,Friday,False
20130119,2013-01-19,19,1,January,Q1,2013,3,Saturday,True
20130120,2013-01-20,20,1,January,Q1,2013,3,Sunday,True
20130121,2013-01-21,21,1,January,Q1,2013,4,Monday,False
20130122,2013-01-22,22,1,January,Q1,2013,4,Tuesday,False
20130123,2013-01-23,23,1,January,Q1,2013,4,Wednesday,False
20130124,2013-01-24,24,1,January,Q1,2013,4,Thursday,False
20130125,2013-01-25,25,1,January,Q1,2013,4,Friday,False
20130126,2013-01-26,26,1,January,Q1,2013,4,Saturday,True
20130127,2013-01-27,27,1,January,Q1,2013,4,Sunday,True
20130128,2013-01-28,28,1,January,Q1,2013,5,Monday,False
20130129,2013-01-29,29,1,January,Q1,2013,5,Tuesday,False
20130130,2013-01-30,30,1,January,Q1,2013,5,Wednesday,False
20130131,2013-01-31,31,1,January,Q1,2013,5,Thursday,False
20130201,2013-02-01,1,2,February,Q1,2013,5,Friday,False
20130202,2013-02-02,2,2,February,Q1,2013,5,Saturday,True
20130203,2013-02-03,3,2,February,Q1,2013,5,Sunday,True
20130204,2013-02-04,4,2,February,Q1,2013,6,Monday,False
20130205,2013-02-05,5,2,February,Q1,2013,6,Tuesday,False
20130206,2013-02-06,6,2,February,Q1,2013,6,Wednesday,False
20130207,2013-02-07,7,2,February,Q1,2013,6,Thursday,False
20130208,2013-02-08,8,2,February,Q1,2013,6,Friday,False
20130209,2013-02-09,9,2,February,Q1,2013,6,Saturday,True
20130210,2013-02-10,10,2,February,Q1,2013,6,Sunday,True
20130211,2013-02-11,11,2,February,Q1,2013,7,Monday,False
20130212,2013-02-12,12,2,February,Q1,2013,7,Tuesday,False
20130213,2013-02-13,13,2,February,Q1,2013,7,Wednesday,False
20130214,2013-02-14,14,2,February,Q1,2013,7,Thursday,False
20130215,2013-02-15,15,2,February,Q1,2013,7,Friday,False
20130216,2013-02-16,16,2,February,Q1,2013,7,Saturday,True
20130217,2013-02-17,17,2,February,Q1,2013,7,Sunday,True
20130218,2013-02-18,18,2,February,Q1,2013,8,Monday,False
20130219,2013-02-19,19,2,February,Q1,2013,8,Tuesday,False
20130220,2013-02-20,20,2,February,Q1,2013,8,Wednesday,False
20130221,2013-02-21,21,2,February,Q1,2013,8,Thursday,False
20130222,2013-02-22,22,2,February,Q1,2013,8,Friday,False
20130223,2013-02-23,23,2,February,Q1,2013,8,Saturday,True
20130224,2013-02-24,24,2,February,Q1,2013,8,Sunday,True
20130225,2013-02-25,25,2,February,Q1,2013,9,Monday,False
20130226,2013-02-26,26,2,February,Q1,2013,9,Tuesday,False
20130227,2013-02-27,27,2,February,Q1,2013,9,Wednesday,False
20130228,2013-02-28,28,2,February,Q1,2013,9,Thursday,False
20130301,2013-03-01,1,3,March,Q1,2013,9,Friday,False
20130302,2013-03-02,2,3,March,Q1,2013,9,Saturday,True
20130303,2013-03-03,3,3,March,Q1,2013,9,Sunday,True
20130304,2013-03-04,4,3,March,Q1,2013,10,Monday,False
20130305,2013-03-05,5,3,March,Q1,2013,10,Tuesday,False
20130306,2013-03-06,6,3,March,Q1,2013,10,Wednesday,False
20130307,2013-03-07,7,3,March,Q1,2013,10,Thursday,False
20130308,2013-03-08,8,3,March,Q1,2013,10,Friday,False
20130309,2013-03-09,9,3,March,Q1,2013,10,Saturday,True
20130310,2013-03-10,10,3,March,Q1,2013,10,Sunday,True
20130311,2013-03-11,11,3,March,Q1,2013,11,Monday,False
20130312,2013-03-12,12,3,March,Q1,2013,11,Tuesday,False
20130313,2013-03-13,13,3,March,Q1,2013,11,Wednesday,False
20130314,2013-03-14,14,3,March,Q1,2013,11,Thursday,False
20130315,2013-03-15,15,3,March,Q1,2013,11,Friday,False
20130316,2013-03-16,16,3,March,Q1,2013,11,Saturday,True
20130317,2013-03-17,17,3,March,Q1,2013,11,Sunday,True
20130318,2013-03-18,18,3,March,Q1,2013,12,Monday,False
20130319,2013-03-19,19,3,March,Q1,2013,12,Tuesday,False
20130320,2013-03-20,20,3,March,Q1,2013,12,Wednesday,False
20130321,2013-03-21,21,3,March,Q1,2013,12,Thursday,False
20130322,2013-03-22,22,3,March,Q1,2013,12,Friday,False
20130323,2013-03-23,23,3,March,Q1,2013,12,Saturday,True
20130324,2013-03-24,24,3,March,Q1,2013,12,Sunday,True
20130325,2013-03-25,25,3,March,Q1,2013,13,Monday,False
20130326,2013-03-26,26,3,March,Q1,2013,13,Tuesday,False
20130327,2013-03-27,27,3,March,Q1,2013,13,Wednesday,False
20130328,2013-03-28,28,3,March,Q1,2013,13,Thursday,False
20130329,2013-03-29,29,3,March,Q1,2013,13,Friday,False
20130330,2013-03-30,30,3,March,Q1,2013,13,Saturday,True
20130331,2013-03-31,31,3,March,Q1,2013,13,Sunday,True
20130401,2013-04-01,1,4,April,Q2,2013,14,Monday,False
20130402,2013-04-02,2,4,April,Q2,2013,14,Tuesday,False
20130403,2013-04-03,3,4,April,Q2,2013,14,Wednesday,False
20130404,2013-04-04,4,4,April,Q2,2013,14,Thursday,False
20130405,2013-04-05,5,4,April,Q2,2013,14,Friday,False
20130406,2013-04-06,6,4,April,Q2,2013,14,Saturday,True
20130407,2013-04-07,7,4,April,Q2,2013,14,Sunday,True
20130408,2013-04-08,8,4,April,Q2,2013,15,Monday,False
20130409,2013-04-09,9,4,April,Q2,2013,15,Tuesday,False
20130410,2013-04-10,10,4,April,Q2,2013,15,Wednesday,False
20130411,2013-04-11,11,4,April,Q2,2013,15,Thursday,False
20130412,2013-04-12,12,4,April,Q2,2013,15,Friday,False
20130413,2013-04-13,13,4,April,Q2,2013,15,Saturday,True
20130414,2013-04-14,14,4,April,Q2,2013,15,Sunday,True
20130415,2013-04-15,15,4,April,Q2,2013,16,Monday,False
20130416,2013-04-16,16,4,April,Q2,2013,16,Tuesday,False
20130417,2013-04-17,17,4,April,Q2,2013,16,Wednesday,False
20130418,2013-04-18,18,4,April,Q2,2013,16,Thursday,False
20130419,2013-04-19,19,4,April,Q2,2013,16,Friday,False
20130420,2013-04-20,20,4,April,Q2,2013,16,Saturday,True
20130421,2013-04-21,21,4,April,Q2,2013,16,Sunday,True
20130422,2013-04-22,22,4,April,Q2,2013,17,Monday,False
20130423,2013-04-23,23,4,April,Q2,2013,17,Tuesday,False
20130424,2013-04-24,24,4,April,Q2,2013,17,Wednesday,False
20130425,2013-04-25,25,4,April,Q2,2013,17,Thursday,False
20130426,2013-04-26,26,4,April,Q2,2013,17,Friday,False
20130427,2013-04-27,27,4,April,Q2,2013,17,Saturday,True
20130428,2013-04-28,28,4,April,Q2,2013,17,Sunday,True
20130429,2013-04-29,29,4,April,Q2,2013,18,Monday,False
20130430,2013-04-30,30,4,April,Q2,2013,18,Tuesday,False
20130501,2013-05-01,1,5,May,Q2,2013,18,Wednesday,False
20130502,2013-05-02,2,5,May,Q2,2013,18,Thursday,False
20130503,2013-05-03,3,5,May,Q2,2013,18,Friday,False
20130504,2013-05-04,4,5,May,Q2,2013,18,Saturday,True
20130505,2013-05-05,5,5,May,Q2,2013,18,Sunday,True
20130506,2013-05-06,6,5,May,Q2,2013,19,Monday,False
20130507,2013-05-07,7,5,May,Q2,2013,19,Tuesday,False
20130508,2013-05-08,8,5,May,Q2,2013,19,Wednesday,False
20130509,2013-05-09,9,5,May,Q2,2013,19,Thursday,False
20130510,2013-05-10,10,5,May,Q2,2013,19,Friday,False
20130511,2013-05-11,11,5,May,Q2,2013,19,Saturday,True
20130512,2013-05-12,12,5,May,Q2,2013,19,Sunday,True
20130513,2013-05-13,13,5,May,Q2,2013,20,Monday,False
20130514,2013-05-14,14,5,May,Q2,2013,20,Tuesday,False
20130515,2013-05-15,15,5,May,Q2,2013,20,Wednesday,False
20130516,2013-05-16,16,5,May,Q2,2013,20,Thursday,False
20130517,2013-05-17,17,5,May,Q2,2013,20,Friday,False
20130518,2013-05-18,18,5,May,Q2,2013,20,Saturday,True
20130519,2013-05-19,19,5,May,Q2,2013,20,Sunday,True
20130520,2013-05-20,20,5,May,Q2,2013,21,Monday,False
20130521,2013-05-21,21,5,May,Q2,2013,21,Tuesday,False
20130522,2013-05-22,22,5,May,Q2,2013,21,Wednesday,False
20130523,2013-05-23,23,5,May,Q2,2013,21,Thursday,False
20130524,2013-05-24,24,5,May,Q2,2013,21,Friday,False
20130525,2013-05-25,25,5,May,Q2,2013,21,Saturday,True
20130526,2013-05-26,26,5,May,Q2,2013,21,Sunday,True
20130527,2013-05-27,27,5,May,Q2,2013,22,Monday,False
20130528,2013-05-28,28,5,May,Q2,2013,22,Tuesday,False
20130529,2013-05-29,29,5,May,Q2,2013,22,Wednesday,False
20130530,2013-05-30,30,5,May,Q2,2013,22,Thursday,False
20130531,2013-05-31,31,5,May,Q2,2013,22,Friday,False
20130601,2013-06-01,1,6,June,Q2,2013,22,Saturday,True
20130602,2013-06-02,2,6,June,Q2,2013,22,Sunday,True
20130603,2013-06-03,3,6,June,Q2,2013,23,Monday,False
20130604,2013-06-04,4,6,June,Q2,2013,23,Tuesday,False
20130605,2013-06-05,5,6,June,Q2,2013,23,Wednesday,False
20130606,2013-06-06,6,6,June,Q2,2013,23,Thursday,False
20130607,2013-06-07,7,6,June,Q2,2013,23,Friday,False
20130608,2013-06-08,8,6,June,Q2,2013,23,Saturday,True
20130609,2013-06-09,9,6,June,Q2,2013,23,Sunday,True
20130610,2013-06-10,10,6,June,Q2,2013,24,Monday,False
20130611,2013-06-11,11,6,June,Q2,2013,24,Tuesday,False
20130612,2013-06-12,12,6,June,Q2,2013,24,Wednesday,False
20130613,2013-06-13,13,6,June,Q2,2013,24,Thursday,False
20130614,2013-06-14,14,6,June,Q2,2013,24,Friday,False
20130615,2013-06-15,15,6,June,Q2,2013,24,Saturday,True
20130616,2013-06-16,16,6,June,Q2,2013,24,Sunday,True
20130617,2013-06-17,17,6,June,Q2,2013,25,Monday,False
20130618,2013-06-18,18,6,June,Q2,2013,25,Tuesday,False
20130619,2013-06-19,19,6,June,Q2,2013,25,Wednesday,False
20130620,2013-06-20,20,6,June,Q2,2013,25,Thursday,False
20130621,2013-06-21,21,6,June,Q2,2013,25,Friday,False
20130622,2013-06-22,22,6,June,Q2,2013,25,Saturday,True
20130623,2013-06-23,23,6,June,Q2,2013,25,Sunday,True
20130624,2013-06-24,24,6,June,Q2,2013,26,Monday,False
20130625,2013-06-25,25,6,June,Q2,2013,26,Tuesday,False
20130626,2013-06-26,26,6,June,Q2,2013,26,Wednesday,False
20130627,2013-06-27,27,6,June,Q2,2013,26,Thursday,False
20130628,2013-06-28,28,6,June,Q2,2013,26,Friday,False
20130629,2013-06-29,29,6,June,Q2,2013,26,Saturday,True
20130630,2013-06-30,30,6,June,Q2,2013,26,Sunday,True
20130701,2013-07-01,1,7,July,Q3,2013,27,Monday,False
20130702,2013-07-02,2,7,July,Q3,2013,27,Tuesday,False
20130703,2013-07-03,3,7,July,Q3,2013,27,Wednesday,False
20130704,2013-07-04,4,7,July,Q3,2013,27,Thursday,False
20130705,2013-07-05,5,7,July,Q3,2013,27,Friday,False
20130706,2013-07-06,6,7,July,Q3,2013,27,Saturday,True
20130707,2013-07-07,7,7,July,Q3,2013,27,Sunday,True
20130708,2013-07-08,8,7,July,Q3,2013,28,Monday,False
20130709,2013-07-09,9,7,July,Q3,2013,28,Tuesday,False
20130710,2013-07-10,10,7,July,Q3,2013,28,Wednesday,False
20130711,2013-07-11,11,7,July,Q3,2013,28,Thursday,False
20130712,2013-07-12,12,7,July,Q3,2013,28,Friday,False
20130713,2013-07-13,13,7,July,Q3,2013,28,Saturday,True
20130714,2013-07-14,14,7,July,Q3,2013,28,Sunday,True
20130715,2013-07-15,15,7,July,Q3,2013,29,Monday,False
20130716,2013-07-16,16,7,July,Q3,2013,29,Tuesday,False
20130717,2013-07-17,17,7,July,Q3,2013,29,Wednesday,False
20130718,2013-07-18,18,7,July,Q3,2013,29,Thursday,False
20130719,2013-07-19,19,7,July,Q3,2013,29,Friday,False
20130720,2013-07-20,20,7,July,Q3,2013,29,Saturday,True
20130721,2013-07-21,21,7,July,Q3,2013,29,Sunday,True
20130722,2013-07-22,22,7,July,Q3,2013,30,Monday,False
20130723,2013-07-23,23,7,July,Q3,2013,30,Tuesday,False
20130724,2013-07-24,24,7,July,Q3,2013,30,Wednesday,False
20130725,2013-07-25,25,7,July,Q3,2013,30,Thursday,False
20130726,2013-07-26,26,7,July,Q3,2013,30,Friday,False
20130727,2013-07-27,27,7,July,Q3,2013,30,Saturday,True
20130728,2013-07-28,28,7,July,Q3,2013,30,Sunday,True
20130729,2013-07-29,29,7,July,Q3,2013,31,Monday,False
20130730,2013-07-30,30,7,July,Q3,2013,31,Tuesday,False
20130731,2013-07-31,31,7,July,Q3,2013,31,Wednesday,False
20130801,2013-08-01,1,8,August,Q3,2013,31,Thursday,False
20130802,2013-08-02,2,8,August,Q3,2013,31,Friday,False
20130803,2013-08-03,3,8,August,Q3,2013,31,Saturday,True
20130804,2013-08-04,4,8,August,Q3,2013,31,Sunday,True
20130805,2013-08-05,5,8,August,Q3,2013,32,Monday,False
20130806,2013-08-06,6,8,August,Q3,2013,32,Tuesday,False
20130807,2013-08-07,7,8,August,Q3,2013,32,Wednesday,False
20130808,2013-08-08,8,8,August,Q3,2013,32,Thursday,False
20130809,2013-08-09,9,8,August,Q3,2013,32,Friday,False
20130810,2013-08-10,10,8,August,Q3,2013,32,Saturday,True
20130811,2013-08-11,11,8,August,Q3,2013,32,Sunday,True
20130812,2013-08-12,12,8,August,Q3,2013,33,Monday,False
20130813,2013-08-13,13,8,August,Q3,2013,33,Tuesday,False
20130814,2013-08-14,14,8,August,Q3,2013,33,Wednesday,False
20130815,2013-08-15,15,8,August,Q3,2013,33,Thursday,False
20130816,2013-08-16,16,8,August,Q3,2013,33,Friday,False
20130817,2013-08-17,17,8,August,Q3,2013,33,Saturday,True
20130818,2013-08-18,18,8,August,Q3,2013,33,Sunday,True
20130819,2013-08-19,19,8,August,Q3,2013,34,Monday,False
20130820,2013-08-20,20,8,August,Q3,2013,34,Tuesday,False
20130821,2013-08-21,21,8,August,Q3,2013,34,Wednesday,False
20130822,2013-08-22,22,8,August,Q3,2013,34,Thursday,False
20130823,2013-08-23,23,8,August,Q3,2013,34,Friday,False
20130824,2013-08-24,24,8,August,Q3,2013,34,Saturday,True
20130825,2013-08-25,25,8,August,Q3,2013,34,Sunday,True
20130826,2013-08-26,26,8,August,Q3,2013,35,Monday,False
20130827,2013-08-27,27,8,August,Q3,2013,35,Tuesday,False
20130828,2013-08-28,28,8,August,Q3,2013,35,Wednesday,False
20130829,2013-08-29,29,8,August,Q3,2013,35,Thursday,False
20130830,2013-08-30,30,8,August,Q3,2013,35,Friday,False
20130831,2013-08-31,31,8,August,Q3,2013,35,Saturday,True
20130901,2013-09-01,1,9,September,Q3,2013,35,Sunday,True
20130902,2013-09-02,2,9,September,Q3,2013,36,Monday,False
20130903,2013-09-03,3,9,September,Q3,2013,36,Tuesday,False
20130904,2013-09-04,4,9,September,Q3,2013,36,Wednesday,False
20130905,2013-09-05,5,9,September,Q3,2013,36,Thursday,False
20130906,2013-09-06,6,9,September,Q3,2013,36,Friday,False
20130907,2013-09-07,7,9,September,Q3,2013,36,Saturday,True
20130908,2013-09-08,8,9,September,Q3,2013,36,Sunday,True
20130909,2013-09-09,9,9,September,Q3,2013,37,Monday,False
20130910,2013-09-10,10,9,September,Q3,2013,37,Tuesday,False
20130911,2013-09-11,11,9,September,Q3,2013,37,Wednesday,False
20130912,2013-09-12,12,9,September,Q3,2013,37,Thursday,False
20130913,2013-09-13,13,9,September,Q3,2013,37,Friday,False
20130914,2013-09-14,14,9,September,Q3,2013,37,Saturday,True
20130915,2013-09-15,15,9,September,Q3,2013,37,Sunday,True
20130916,2013-09-16,16,9,September,Q3,2013,38,Monday,False
20130917,2013-09-17,17,9,September,Q3,2013,38,Tuesday,False
20130918,2013-09-18,18,9,September,Q3,2013,38,Wednesday,False
20130919,2013-09-19,19,9,September,Q3,2013,38,Thursday,False
20130920,2013-09-20,20,9,September,Q3,2013,38,Friday,False
20130921,2013-09-21,21,9,September,Q3,2013,38,Saturday,True
20130922,2013-09-22,22,9,September,Q3,2013,38,Sunday,True
20130923,2013-09-23,23,9,September,Q3,2013,39,Monday,False
20130924,2013-09-24,24,9,September,Q3,2013,39,Tuesday,False
20130925,2013-09-25,25,9,September,Q3,2013,39,Wednesday,False
20130926,2013-09-26,26,9,September,Q3,2013,39,Thursday,False
20130927,2013-09-27,27,9,September,Q3,2013,39,Friday,False
20130928,2013-09-28,28,9,September,Q3,2013,39,Saturday,True
20130929,2013-09-29,29,9,September,Q3,2013,39,Sunday,True
20130930,2013-09-30,30,9,September,Q3,2013,40,Monday,False
20131001,2013-10-01,1,10,October,Q4,2013,40,Tuesday,False
20131002,2013-10-02,2,10,October,Q4,2013,40,Wednesday,False
20131003,2013-10-03,3,10,October,Q4,2013,40,Thursday,False
20131004,2013-10-04,4,10,October,Q4,2013,40,Friday,False
20131005,2013-10-05,5,10,October,Q4,2013,40,Saturday,True
20131006,2013-10-06,6,10,October,Q4,2013,40,Sunday,True
20131007,2013-10-07,7,10,October,Q4,2013,41,Monday,False
20131008,2013-10-08,8,10,October,Q4,2013,41,Tuesday,False
20131009,2013-10-09,9,10,October,Q4,2013,41,Wednesday,False
20131010,2013-10-10,10,10,October,Q4,2013,41,Thursday,False
20131011,2013-10-11,11,10,October,Q4,2013,41,Friday,False
20131012,2013-10-12,12,10,October,Q4,2013,41,Saturday,True
20131013,2013-10-13,13,10,October,Q4,2013,41,Sunday,True
20131014,2013-10-14,14,10,October,Q4,2013,42,Monday,False
20131015,2013-10-15,15,10,October,Q4,2013,42,Tuesday,False
20131016,2013-10-16,16,10,October,Q4,2013,42,Wednesday,False
20131017,2013-10-17,17,10,October,Q4,2013,42,Thursday,False
20131018,2013-10-18,18,10,October,Q4,2013,42,Friday,False
20131019,2013-10-19,19,10,October,Q4,2013,42,Saturday,True
20131020,2013-10-20,20,10,October,Q4,2013,42,Sunday,True
20131021,2013-10-21,21,10,October,Q4,2013,43,Monday,False
20131022,2013-10-22,22,10,October,Q4,2013,43,Tuesday,False
20131023,2013-10-23,23,10,October,Q4,2013,43,Wednesday,False
20131024,2013-10-24,24,10,October,Q4,2013,43,Thursday,False
20131025,2013-10-25,25,10,October,Q4,2013,43,Friday,False
20131026,2013-10-26,26,10,October,Q4,2013,43,Saturday,True
20131027,2013-10-27,27,10,October,Q4,2013,43,Sunday,True
20131028,2013-10-28,28,10,October,Q4,2013,44,Monday,False
20131029,2013-10-29,29,10,October,Q4,2013,44,Tuesday,False
20131030,2013-10-30,30,10,October,Q4,2013,44,Wednesday,False
20131031,2013-10-31,31,10,October,Q4,2013,44,Thursday,False
20131101,2013-11-01,1,11,November,Q4,2013,44,Friday,False
20131102,2013-11-02,2,11,November,Q4,2013,44,Saturday,True
20131103,2013-11-03,3,11,November,Q4,2013,44,Sunday,True
20131104,2013-11-04,4,11,November,Q4,2013,45,Monday,False
20131105,2013-11-05,5,11,November,Q4,2013,45,Tuesday,False
20131106,2013-11-06,6,11,November,Q4,2013,45,Wednesday,False
20131107,2013-11-07,7,11,November,Q4,2013,45,Thursday,False
20131108,2013-11-08,8,11,November,Q4,2013,45,Friday,False
20131109,2013-11-09,9,11,November,Q4,2013,45,Saturday,True
20131110,2013-11-10,10,11,November,Q4,2013,45,Sunday,True
20131111,2013-11-11,11,11,November,Q4,2013,46,Monday,False
20131112,2013-11-12,12,11,November,Q4,2013,46,Tuesday,False
20131113,2013-11-13,13,11,November,Q4,2013,46,Wednesday,False
20131114,2013-11-14,14,11,November,Q4,2013,46,Thursday,False
20131115,2013-11-15,15,11,November,Q4,2013,46,Friday,False
20131116,2013-11-16,16,11,November,Q4,2013,46,Saturday,True
20131117,2013-11-17,17,11,November,Q4,2013,46,Sunday,True
20131118,2013-11-18,18,11,November,Q4,2013,47,Monday,False
20131119,2013-11-19,19,11,November,Q4,2013,47,Tuesday,False
20131120,2013-11-20,20,11,November,Q4,2013,47,Wednesday,False
20131121,2013-11-21,21,11,November,Q4,2013,47,Thursday,False
20131122,2013-11-22,22,11,November,Q4,2013,47,Friday,False
20131123,2013-11-23,23,11,November,Q4,2013,47,Saturday,True
20131124,2013-11-24,24,11,November,Q4,2013,47,Sunday,True
20131125,2013-11-25,25,11,November,Q4,2013,48,Monday,False
20131126,2013-11-26,26,11,November,Q4,2013,48,Tuesday,False
20131127,2013-11-27,27,11,November,Q4,2013,48,Wednesday,False
20131128,2013-11-28,28,11,November,Q4,2013,48,Thursday,False
20131129,2013-11-29,29,11,November,Q4,2013,48,Friday,False
20131130,2013-11-30,30,11,November,Q4,2013,48,Saturday,True
20131201,2013-12-01,1,12,December,Q4,2013,48,Sunday,True
20131202,2013-12-02,2,12,December,Q4,2013,49,Monday,False
20131203,2013-12-03,3,12,December,Q4,2013,49,Tuesday,False
20131204,2013-12-04,4,12,December,Q4,2013,49,Wednesday,False
20131205,2013-12-05,5,12,December,Q4,2013,49,Thursday,False
20131206,2013-12-06,6,12,December,Q4,2013,49,Friday,False
20131207,2013-12-07,7,12,December,Q4,2013,49,Saturday,True
20131208,2013-12-08,8,12,December,Q4,2013,49,Sunday,True
20131209,2013-12-09,9,12,December,Q4,2013,50,Monday,False
20131210,2013-12-10,10,12,December,Q4,2013,50,Tuesday,False
20131211,2013-12-11,11,12,December,Q4,2013,50,Wednesday,False
20131212,2013-12-12,12,12,December,Q4,2013,50,Thursday,False
20131213,2013-12-13,13,12,December,Q4,2013,50,Friday,False
20131214,2013-12-14,14,12,December,Q4,2013,50,Saturday,True
20131215,2013-12-15,15,12,December,Q4,2013,50,Sunday,True
20131216,2013-12-16,16,12,December,Q4,2013,51,Monday,False
20131217,2013-12-17,17,12,December,Q4,2013,51,Tuesday,False
20131218,2013-12-18,18,12,December,Q4,2013,51,Wednesday,False
20131219,2013-12-19,19,12,December,Q4,2013,51,Thursday,False
20131220,2013-12-20,20,12,December,Q4,2013,51,Friday,False
20131221,2013-12-21,21,12,December,Q4,2013,51,Saturday,True
20131222,2013-12-22,22,12,December,Q4,2013,51,Sunday,True
20131223,2013-12-23,23,12,December,Q4,2013,52,Monday,False
20131224,2013-12-24,24,12,December,Q4,2013,52,Tuesday,False
20131225,2013-12-25,25,12,December,Q4,2013,52,Wednesday,False
20131226,2013-12-26,26,12,December,Q4,2013,52,Thursday,False
20131227,2013-12-27,27,12,December,Q4,2013,52,Friday,False
20131228,2013-12-28,28,12,December,Q4,2013,52,Saturday,True
20131229,2013-12-29,29,12,December,Q4,2013,52,Sunday,True
20131230,2013-12-30,30,12,December,Q4,2013,1,Monday,False
20131231,2013-12-31,31,12,December,Q4,2013,1,Tuesday,False
20140101,2014-01-01,1,1,January,Q1,2014,1,Wednesday,False
20140102,2014-01-02,2,1,January,Q1,2014,1,Thursday,False
20140103,2014-01-03,3,1,January,Q1,2014,1,Friday,False
20140104,2014-01-04,4,1,January,Q1,2014,1,Saturday,True
20140105,2014-01-05,5,1,January,Q1,2014,1,Sunday,True
20140106,2014-01-06,6,1,January,Q1,2014,2,Monday,False
20140107,2014-01-07,7,1,January,Q1,2014,2,Tuesday,False
20140108,2014-01-08,8,1,January,Q1,2014,2,Wednesday,False
20140109,2014-01-09,9,1,January,Q1,2014,2,Thursday,False
20140110,2014-01-10,10,1,January,Q1,2014,2,Friday,False
20140111,2014-01-11,11,1,January,Q1,2014,2,Saturday,True
20140112,2014-01-12,12,1,January,Q1,2014,2,Sunday,True
20140113,2014-01-13,13,1,January,Q1,2014,3,Monday,False
20140114,2014-01-14,14,1,January,Q1,2014,3,Tuesday,False
20140115,2014-01-15,15,1,January,Q1,2014,3,Wednesday,False
20140116,2014-01-16,16,1,January,Q1,2014,3,Thursday,False
20140117,2014-01-17,17,1,January,Q1,2014,3,Friday,False
20140118,2014-01-18,18,1,January,Q1,2014,3,Saturday,True
20140119,2014-01-19,19,1,January,Q1,2014,3,Sunday,True
20140120,2014-01-20,20,1,January,Q1,2014,4,Monday,False
20140121,2014-01-21,21,1,January,Q1,2014,4,Tuesday,False
20140122,2014-01-22,22,1,January,Q1,2014,4,Wednesday,False
20140123,2014-01-23,23,1,January,Q1,2014,4,Thursday,False
20140124,2014-01-24,24,1,January,Q1,2014,4,Friday,False
20140125,2014-01-25,25,1,January,Q1,2014,4,Saturday,True
20140126,2014-01-26,26,1,January,Q1,2014,4,Sunday,True
20140127,2014-01-27,27,1,January,Q1,2014,5,Monday,False
20140128,2014-01-28,28,1,January,Q1,2014,5,Tuesday,False
20140129,2014-01-29,29,1,January,Q1,2014,5,Wednesday,False
20140130,2014-01-30,30,1,January,Q1,2014,5,Thursday,False
20140131,2014-01-31,31,1,January,Q1,2014,5,Friday,False
20140201,2014-02-01,1,2,February,Q1,2014,5,Saturday,True
20140202,2014-02-02,2,2,February,Q1,2014,5,Sunday,True
20140203,2014-02-03,3,2,February,Q1,2014,6,Monday,False
20140204,2014-02-04,4,2,February,Q1,2014,6,Tuesday,False
20140205,2014-02-05,5,2,February,Q1,2014,6,Wednesday,False
20140206,2014-02-06,6,2,February,Q1,2014,6,Thursday,False
20140207,2014-02-07,7,2,February,Q1,2014,6,Friday,False
20140208,2014-02-08,8,2,February,Q1,2014,6,Saturday,True
20140209,2014-02-09,9,2,February,Q1,2014,6,Sunday,True
20140210,2014-02-10,10,2,February,Q1,2014,7,Monday,False
20140211,2014-02-11,11,2,February,Q1,2014,7,Tuesday,False
20140212,2014-02-12,12,2,February,Q1,2014,7,Wednesday,False
20140213,2014-02-13,13,2,February,Q1,2014,7,Thursday,False
20140214,2014-02-14,14,2,February,Q1,2014,7,Friday,False
20140215,2014-02-15,15,2,February,Q1,2014,7,Saturday,True
20140216,2014-02-16,16,2,February,Q1,2014,7,Sunday,True
20140217,2014-02-17,17,2,February,Q1,2014,8,Monday,False
20140218,2014-02-18,18,2,February,Q1,2014,8,Tuesday,False
20140219,2014-02-19,19,2,February,Q1,2014,8,Wednesday,False
20140220,2014-02-20,20,2,February,Q1,2014,8,Thursday,False
20140221,2014-02-21,21,2,February,Q1,2014,8,Friday,False
20140222,2014-02-22,22,2,February,Q1,2014,8,Saturday,True
20140223,2014-02-23,23,2,February,Q1,2014,8,Sunday,True
20140224,2014-02-24,24,2,February,Q1,2014,9,Monday,False
20140225,2014-02-25,25,2,February,Q1,2014,9,Tuesday,False
20140226,2014-02-26,26,2,February,Q1,2014,9,Wednesday,False
20140227,2014-02-27,27,2,February,Q1,2014,9,Thursday,False
20140228,2014-02-28,28,2,February,Q1,2014,9,Friday,False
20140301,2014-03-01,1,3,March,Q1,2014,9,Saturday,True
20140302,2014-03-02,2,3,March,Q1,2014,9,Sunday,True
20140303,2014-03-03,3,3,March,Q1,2014,10,Monday,False
20140304,2014-03-04,4,3,March,Q1,2014,10,Tuesday,False
20140305,2014-03-05,5,3,March,Q1,2014,10,Wednesday,False
20140306,2014-03-06,6,3,March,Q1,2014,10,Thursday,False
20140307,2014-03-07,7,3,March,Q1,2014,10,Friday,False
20140308,2014-03-08,8,3,March,Q1,2014,10,Saturday,True
20140309,2014-03-09,9,3,March,Q1,2014,10,Sunday,True
20140310,2014-03-10,10,3,March,Q1,2014,11,Monday,False
20140311,2014-03-11,11,3,March,Q1,2014,11,Tuesday,False
20140312,2014-03-12,12,3,March,Q1,2014,11,Wednesday,False
20140313,2014-03-13,13,3,March,Q1,2014,11,Thursday,False
20140314,2014-03-14,14,3,March,Q1,2014,11,Friday,False
20140315,2014-03-15,15,3,March,Q1,2014,11,Saturday,True
20140316,2014-03-16,16,3,March,Q1,2014,11,Sunday,True
20140317,2014-03-17,17,3,March,Q1,2014,12,Monday,False
20140318,2014-03-18,18,3,March,Q1,2014,12,Tuesday,False
20140319,2014-03-19,19,3,March,Q1,2014,12,Wednesday,False
20140320,2014-03-20,20,3,March,Q1,2014,12,Thursday,False
20140321,2014-03-21,21,3,March,Q1,2014,12,Friday,False
20140322,2014-03-22,22,3,March,Q1,2014,12,Saturday,True
20140323,2014-03-23,23,3,March,Q1,2014,12,Sunday,True
20140324,2014-03-24,24,3,March,Q1,2014,13,Monday,False
20140325,2014-03-25,25,3,March,Q1,2014,13,Tuesday,False
20140326,2014-03-26,26,3,March,Q1,2014,13,Wednesday,False
20140327,2014-03-27,27,3,March,Q1,2014,13,Thursday,False
20140328,2014-03-28,28,3,March,Q1,2014,13,Friday,False
20140329,2014-03-29,29,3,March,Q1,2014,13,Saturday,True
20140330,2014-03-30,30,3,March,Q1,2014,13,Sunday,True
20140331,2014-03-31,31,3,March,Q1,2014,14,Monday,False
20140401,2014-04-01,1,4,April,Q2,2014,14,Tuesday,False
20140402,2014-04-02,2,4,April,Q2,2014,14,Wednesday,False
20140403,2014-04-03,3,4,April,Q2,2014,14,Thursday,False
20140404,2014-04-04,4,4,April,Q2,2014,14,Friday,False
20140405,2014-04-05,5,4,April,Q2,2014,14,Saturday,True
20140406,2014-04-06,6,4,April,Q2,2014,14,Sunday,True
20140407,2014-04-07,7,4,April,Q2,2014,15,Monday,False
20140408,2014-04-08,8,4,April,Q2,2014,15,Tuesday,False
20140409,2014-04-09,9,4,April,Q2,2014,15,Wednesday,False
20140410,2014-04-10,10,4,April,Q2,2014,15,Thursday,False
20140411,2014-04-11,11,4,April,Q2,2014,15,Friday,False
20140412,2014-04-12,12,4,April,Q2,2014,15,Saturday,True
20140413,2014-04-13,13,4,April,Q2,2014,15,Sunday,True
20140414,2014-04-14,14,4,April,Q2,2014,16,Monday,False
20140415,2014-04-15,15,4,April,Q2,2014,16,Tuesday,False
20140416,2014-04-16,16,4,April,Q2,2014,16,Wednesday,False
20140417,2014-04-17,17,4,April,Q2,2014,16,Thursday,False
20140418,2014-04-18,18,4,April,Q2,2014,16,Friday,False
20140419,2014-04-19,19,4,April,Q2,2014,16,Saturday,True
20140420,2014-04-20,20,4,April,Q2,2014,16,Sunday,True
20140421,2014-04-21,21,4,April,Q2,2014,17,Monday,False
20140422,2014-04-22,22,4,April,Q2,2014,17,Tuesday,False
20140423,2014-04-23,23,4,April,Q2,2014,17,Wednesday,False
20140424,2014-04-24,24,4,April,Q2,2014,17,Thursday,False
20140425,2014-04-25,25,4,April,Q2,2014,17,Friday,False
20140426,2014-04-26,26,4,April,Q2,2014,17,Saturday,True
20140427,2014-04-27,27,4,April,Q2,2014,17,Sunday,True
20140428,2014-04-28,28,4,April,Q2,2014,18,Monday,False
20140429,2014-04-29,29,4,April,Q2,2014,18,Tuesday,False
20140430,2014-04-30,30,4,April,Q2,2014,18,Wednesday,False
20140501,2014-05-01,1,5,May,Q2,2014,18,Thursday,False
20140502,2014-05-02,2,5,May,Q2,2014,18,Friday,False
20140503,2014-05-03,3,5,May,Q2,2014,18,Saturday,True
20140504,2014-05-04,4,5,May,Q2,2014,18,Sunday,True
20140505,2014-05-05,5,5,May,Q2,2014,19,Monday,False
20140506,2014-05-06,6,5,May,Q2,2014,19,Tuesday,False
20140507,2014-05-07,7,5,May,Q2,2014,19,Wednesday,False
20140508,2014-05-08,8,5,May,Q2,2014,19,Thursday,False
20140509,2014-05-09,9,5,May,Q2,2014,19,Friday,False
20140510,2014-05-10,10,5,May,Q2,2014,19,Saturday,True
20140511,2014-05-11,11,5,May,Q2,2014,19,Sunday,True
20140512,2014-05-12,12,5,May,Q2,2014,20,Monday,False
20140513,2014-05-13,13,5,May,Q2,2014,20,Tuesday,False
20140514,2014-05-14,14,5,May,Q2,2014,20,Wednesday,False
20140515,2014-05-15,15,5,May,Q2,2014,20,Thursday,False
20140516,2014-05-16,16,5,May,Q2,2014,20,Friday,False
20140517,2014-05-17,17,5,May,Q2,2014,20,Saturday,True
20140518,2014-05-18,18,5,May,Q2,2014,20,Sunday,True
20140519,2014-05-19,19,5,May,Q2,2014,21,Monday,False
20140520,2014-05-20,20,5,May,Q2,2014,21,Tuesday,False
20140521,2014-05-21,21,5,May,Q2,2014,21,Wednesday,False
20140522,2014-05-22,22,5,May,Q2,2014,21,Thursday,False
20140523,2014-05-23,23,5,May,Q2,2014,21,Friday,False
20140524,2014-05-24,24,5,May,Q2,2014,21,Saturday,True
20140525,2014-05-25,25,5,May,Q2,2014,21,Sunday,True
20140526,2014-05-26,26,5,May,Q2,2014,22,Monday,False
20140527,2014-05-27,27,5,May,Q2,2014,22,Tuesday,False
20140528,2014-05-28,28,5,May,Q2,2014,22,Wednesday,False
20140529,2014-05-29,29,5,May,Q2,2014,22,Thursday,False
20140530,2014-05-30,30,5,May,Q2,2014,22,Friday,False
20140531,2014-05-31,31,5,May,Q2,2014,22,Saturday,True
20140601,2014-06-01,1,6,June,Q2,2014,22,Sunday,True
20140602,2014-06-02,2,6,June,Q2,2014,23,Monday,False
20140603,2014-06-03,3,6,June,Q2,2014,23,Tuesday,False
20140604,2014-06-04,4,6,June,Q2,2014,23,Wednesday,False
20140605,2014-06-05,5,6,June,Q2,2014,23,Thursday,False
20140606,2014-06-06,6,6,June,Q2,2014,23,Friday,False
20140607,2014-06-07,7,6,June,Q2,2014,23,Saturday,True
20140608,2014-06-08,8,6,June,Q2,2014,23,Sunday,True
20140609,2014-06-09,9,6,June,Q2,2014,24,Monday,False
20140610,2014-06-10,10,6,June,Q2,2014,24,Tuesday,False
20140611,2014-06-11,11,6,June,Q2,2014,24,Wednesday,False
20140612,2014-06-12,12,6,June,Q2,2014,24,Thursday,False
20140613,2014-06-13,13,6,June,Q2,2014,24,Friday,False
20140614,2014-06-14,14,6,June,Q2,2014,24,Saturday,True
20140615,2014-06-15,15,6,June,Q2,2014,24,Sunday,True
20140616,2014-06-16,16,6,June,Q2,2014,25,Monday,False
20140617,2014-06-17,17,6,June,Q2,2014,25,Tuesday,False
20140618,2014-06-18,18,6,June,Q2,2014,25,Wednesday,False
20140619,2014-06-19,19,6,June,Q2,2014,25,Thursday,False
20140620,2014-06-20,20,6,June,Q2,2014,25,Friday,False
20140621,2014-06-21,21,6,June,Q2,2014,25,Saturday,True
20140622,2014-06-22,22,6,June,Q2,2014,25,Sunday,True
20140623,2014-06-23,23,6,June,Q2,2014,26,Monday,False
20140624,2014-06-24,24,6,June,Q2,2014,26,Tuesday,False
20140625,2014-06-25,25,6,June,Q2,2014,26,Wednesday,False
20140626,2014-06-26,26,6,June,Q2,2014,26,Thursday,False
20140627,2014-06-27,27,6,June,Q2,2014,26,Friday,False
20140628,2014-06-28,28,6,June,Q2,2014,26,Saturday,True
20140629,2014-06-29,29,6,June,Q2,2014,26,Sunday,True
20140630,2014-06-30,30,6,June,Q2,2014,27,Monday,False
20140701,2014-07-01,1,7,July,Q3,2014,27,Tuesday,False
20140702,2014-07-02,2,7,July,Q3,2014,27,Wednesday,False
20140703,2014-07-03,3,7,July,Q3,2014,27,Thursday,False
20140704,2014-07-04,4,7,July,Q3,2014,27,Friday,False
20140705,2014-07-05,5,7,July,Q3,2014,27,Saturday,True
20140706,2014-07-06,6,7,July,Q3,2014,27,Sunday,True
20140707,2014-07-07,7,7,July,Q3,2014,28,Monday,False
20140708,2014-07-08,8,7,July,Q3,2014,28,Tuesday,False
20140709,2014-07-09,9,7,July,Q3,2014,28,Wednesday,False
20140710,2014-07-10,10,7,July,Q3,2014,28,Thursday,False
20140711,2014-07-11,11,7,July,Q3,2014,28,Friday,False
20140712,2014-07-12,12,7,July,Q3,2014,28,Saturday,True
